{"arguments":{"0":[0,14],"1":[0,2],"2":[0,5],"3":[0,5],"4":[0,5],"5":[0,9],"6":[2,26],"7":[5,7],"8":[4,5,21],"9":[14,3,24],"10":[21,24,26],"11":[11,0,20],"12":[3,24,13],"13":[11,3,24],"14":[2,0,5],"15":[10,5,0],"16":[2,26,5],"17":[8,6,12],"18":[16,26,25],"19":[6,0,17],"20":[0,9,21,24],"21":[0,20,18,24],"22":[0,2,21,24],"23":[0,5,10,19],"24":[2,5,17,26],"25":[1,6,17,12],"26":[5,16,17,0],"27":[2,6,17,25,12],"28":[15,22,23,20,38]},"annotatedAttacks":{"0":[[0,14]],"1":[[0,2]],"2":[[0,5],[5,0]],"3":[[0,5]],"4":[[0,5]],"5":[[0,9]],"6":[[2,26]],"7":[[5,7]],"8":[[5,4],[21,5]],"9":[[14,3],[3,14],[3,24]],"10":[[21,24],[26,24]],"11":[[0,20]],"12":[[3,24],[13,24]],"13":[[3,24]],"14":[[2,0],[0,2],[0,5],[5,0]],"15":[[10,5],[5,10],[5,0]],"16":[[2,26],[26,2]],"17":[[6,8],[6,12]],"18":[[16,26],[25,26]],"19":[[6,0],[17,0]],"20":[[0,9],[0,24]],"21":[[0,20],[0,24],[18,20],[20,18]],"22":[[0,2],[21,2],[0,24]],"23":[[0,5],[19,10]],"24":[[5,26],[26,5]],"25":[[6,12]],"26":[[5,0]],"27":[[6,12]],"28":[[15,20],[23,38]]},"predictedAttacks":{"0":[[0,14]],"1":[[0,2],[2,0]],"2":[[0,5],[5,0]],"3":[[0,5]],"4":[[0,5]],"5":[[0,9],[9,0]],"6":[[2,26]],"7":[[5,7]],"8":[[4,5],[21,5]],"9":[[3,14],[3,24]],"10":[[24,21],[26,24]],"11":[[0,11],[0,20]],"12":[[3,24],[13,24]],"13":[[3,24],[3,11]],"14":[[2,0],[0,2],[0,5]],"15":[[10,5],[5,10],[5,0]],"16":[[2,26],[26,2],[5,26],[26,5]],"17":[[6,8],[6,12]],"18":[[26,25],[25,26]],"19":[[0,6],[17,0]],"20":[[0,9],[0,24],[9,21],[24,21]],"21":[[0,20],[0,24],[18,20],[20,18]],"22":[[0,2],[0,24],[24,0],[21,2],[21,24],[24,21]],"23":[[0,5],[19,10]],"24":[[5,26],[26,5],[17,12],[12,17]],"25":[[6,12],[12,6],[17,12],[12,17]],"26":[[5,0],[0,16],[0,17],[17,0]],"27":[[12,2],[6,12],[12,17],[12,25]],"28":[[15,20],[15,38],[20,22],[23,20],[20,23],[23,38],[38,23]]},"rating":{"0":3,"1":5,"2":5,"3":4,"4":4,"5":6,"6":8,"7":9,"8":1,"9":2,"10":3,"11":4,"12":4,"13":4,"14":6,"15":7,"16":7,"17":9,"18":8,"19":9,"20":3,"21":2,"22":5,"23":6,"24":8,"25":8,"26":9,"27":9,"28":2},"groundedDist":{"0":0.0,"1":1.0,"2":0.0,"3":0.0,"4":0.0,"5":1.0,"6":0.0,"7":0.0,"8":0.0,"9":1.0,"10":0.0,"11":0.3333333333,"12":0.0,"13":0.3333333333,"14":0.0,"15":0.0,"16":1.0,"17":0.0,"18":0.3333333333,"19":0.0,"20":0.0,"21":0.0,"22":1.0,"23":0.0,"24":0.3333333333,"25":0.5,"26":0.2,"27":0.375,"28":0.2},"probDist":{"0":0.0,"1":0.021,"2":0.0,"3":0.0,"4":0.0,"5":0.163,"6":0.0,"7":0.0,"8":0.13,"9":0.125,"10":0.09,"11":0.075,"12":0.0,"13":0.075,"14":0.019,"15":0.0,"16":0.065,"17":0.0,"18":0.098,"19":0.06,"20":0.0,"21":0.0,"22":0.01,"23":0.0,"24":0.01,"25":0.043,"26":0.0,"27":0.009,"28":0.0004},"AggDist":{"0":0.0,"1":0.3333333333,"2":0.0,"3":0.0,"4":0.0,"5":0.3333333333,"6":0.0,"7":0.0,"8":0.2857142857,"9":0.1428571429,"10":0.2857142857,"11":0.1428571429,"12":0.0,"13":0.1428571429,"14":0.1428571429,"15":0.0,"16":0.1428571429,"17":0.0,"18":0.2857142857,"19":0.2857142857,"20":0.0,"21":0.0,"22":0.1904761905,"23":0.0,"24":0.0833333333,"25":0.3333333333,"26":0.0,"27":0.1666666667,"28":0.0425531915}}